{
  "baseline": {
    "样本数": 363753,
    "低开率": 11.44457915123724,
    "低开后高走率": 29.26975738650012,
    "次日收益均值": 0.11595534918983258,
    "次日胜率": 48.287711716466944
  },
  "strategies": {
    "多因子共振": {
      "样本数": 1454,
      "高走率": 40.23383768913342,
      "强信号率": 36.24484181568088,
      "次日收益均值": 0.34737646503037733,
      "次日胜率": 51.788170563961486,
      "次日收益中位数": 0.20696643083696853
    },
    "放量反转": {
      "样本数": 4498,
      "高走率": 33.34815473543797,
      "强信号率": 30.235660293463763,
      "次日收益均值": 0.321778887696247,
      "次日胜率": 51.6674077367719,
      "次日收益中位数": 0.15322540254927125
    },
    "超跌反弹": {
      "样本数": 624,
      "高走率": 37.17948717948718,
      "强信号率": 30.76923076923077,
      "次日收益均值": 0.28615400407730285,
      "次日胜率": 51.12179487179487,
      "次日收益中位数": 0.09747922153435792
    }
  }
}