{
  "h1": {
    "test": "黄金避险属性在鹰派+冲突Regime下的表现",
    "regime_distribution": {
      "hawkish_conflict": 138,
      "pure_hawkish": 219,
      "normal": 1196
    },
    "gold_test": {
      "hwc_mean": 0.045552014325352656,
      "normal_mean": 0.08032147989530058,
      "t_stat": -0.351803500023974,
      "p_value": 0.7254111672473189,
      "significant": false,
      "hwc_n": 138,
      "normal_n": 1196
    },
    "all_symbols": {
      "XAUUSDm": {
        "n": 1196.0,
        "mean_daily": 0.08032147989530058,
        "annualized": 20.241012933615746,
        "std_daily": 1.152296153884459,
        "annualized_vol": 18.292134359246955,
        "sharpe": 1.1065418904155164,
        "win_rate": 0.5434782608695652,
        "max_single_day": -10.059465791586753,
        "best_single_day": 6.584696215494712
      },
      "XAGUSDm": {
        "n": 1196.0,
        "mean_daily": 0.15678431078999241,
        "annualized": 39.50964631907809,
        "std_daily": 2.5454960730412735,
        "annualized_vol": 40.408497435352295,
        "sharpe": 0.9777558886540575,
        "win_rate": 0.5426421404682275,
        "max_single_day": -27.709890558432615,
        "best_single_day": 16.29513811331993
      },
      "UKOILm": {
        "n": 1195.0,
        "mean_daily": 0.04806303042662449,
        "annualized": 12.111883667509373,
        "std_daily": 2.5580498818374644,
        "annualized_vol": 40.60778297184056,
        "sharpe": 0.29826508075824654,
        "win_rate": 0.5230125523012552,
        "max_single_day": -25.64969271290606,
        "best_single_day": 16.737097793897448
      },
      "USOILm": {
        "n": 1196.0,
        "mean_daily": 0.07405724661062259,
        "annualized": 18.662426145876893,
        "std_daily": 2.9203505468547895,
        "annualized_vol": 46.35912772865552,
        "sharpe": 0.40256206404723327,
        "win_rate": 0.5209030100334449,
        "max_single_day": -30.449153309789,
        "best_single_day": 18.39226325923333
      },
      "USTECm": {
        "n": 1196.0,
        "mean_daily": 0.10827286105192274,
        "annualized": 27.28476098508453,
        "std_daily": 1.5258283563244026,
        "annualized_vol": 24.221774245228907,
        "sharpe": 1.126455919737546,
        "win_rate": 0.5568561872909699,
        "max_single_day": -10.984302238245448,
        "best_single_day": 13.686337497309676
      },
      "US500m": {
        "n": 1196.0,
        "mean_daily": 0.07903280098156211,
        "annualized": 19.916265847353653,
        "std_daily": 1.2547676794841307,
        "annualized_vol": 19.91881939845968,
        "sharpe": 0.999871802085508,
        "win_rate": 0.5451505016722408,
        "max_single_day": -10.707332425746197,
        "best_single_day": 11.23859588589291
      },
      "USDJPYm": {
        "n": 1196.0,
        "mean_daily": 0.00362252092998583,
        "annualized": 0.9128752743564291,
        "std_daily": 0.5929887435799636,
        "annualized_vol": 9.413404474639398,
        "sharpe": 0.09697610219722329,
        "win_rate": 0.5284280936454849,
        "max_single_day": -3.697618891152432,
        "best_single_day": 2.944632876319675
      },
      "USDCHFm": {
        "n": 1196.0,
        "mean_daily": -0.028403873926127195,
        "annualized": -7.157776229384053,
        "std_daily": 0.5000065720830611,
        "annualized_vol": 7.937358261778024,
        "sharpe": -0.9017831869643568,
        "win_rate": 0.48411371237458195,
        "max_single_day": -4.051384554242499,
        "best_single_day": 2.1669715100598452
      }
    }
  },
  "h2": {
    "test": "GSR对跨资产的预测力",
    "significant_pairs": {
      "GSR_chg5_XAUUSDm_5d": {
        "corr": 0.08574567439026422,
        "p_value": 0.0007471646226730223,
        "t_stat": 3.3784381607167773,
        "n": 1543
      },
      "GSR_chg5_XAGUSDm_1d": {
        "corr": 0.06846594711951394,
        "p_value": 0.007062517360511785,
        "t_stat": 2.697485704240134,
        "n": 1547
      },
      "GSR_chg5_XAGUSDm_5d": {
        "corr": 0.08662263625803246,
        "p_value": 0.0006585611932722559,
        "t_stat": 3.413250952434988,
        "n": 1543
      },
      "GSR_chg5_XAGUSDm_20d": {
        "corr": 0.05946551719506478,
        "p_value": 0.020670512294108385,
        "t_stat": 2.316382747335153,
        "n": 1514
      },
      "GSR_chg5_USTECm_5d": {
        "corr": 0.10836943816176618,
        "p_value": 1.990239464863001e-05,
        "t_stat": 4.279306535393302,
        "n": 1543
      },
      "GSR_chg5_USTECm_20d": {
        "corr": 0.1335156005328943,
        "p_value": 1.846297359314879e-07,
        "t_stat": 5.238582457177146,
        "n": 1514
      },
      "GSR_chg5_US500m_5d": {
        "corr": 0.0756622012148353,
        "p_value": 0.002939978811263732,
        "t_stat": 2.9787014779926726,
        "n": 1543
      },
      "GSR_chg5_US500m_20d": {
        "corr": 0.10741428550434018,
        "p_value": 2.8120486554517645e-05,
        "t_stat": 4.201050603394392,
        "n": 1514
      },
      "GSR_chg5_US30m_5d": {
        "corr": 0.07586376918392877,
        "p_value": 0.002864744406617486,
        "t_stat": 2.986682764658699,
        "n": 1543
      },
      "GSR_chg5_US30m_20d": {
        "corr": 0.06386438812398618,
        "p_value": 0.012938479475924297,
        "t_stat": 2.488411112225552,
        "n": 1514
      },
      "GSR_chg20_XAUUSDm_5d": {
        "corr": 0.05207727366448909,
        "p_value": 0.041810927254834096,
        "t_stat": 2.037113465127884,
        "n": 1528
      },
      "GSR_chg20_XAGUSDm_5d": {
        "corr": 0.06048761239897413,
        "p_value": 0.018046171933004902,
        "t_stat": 2.3672256263792715,
        "n": 1528
      },
      "GSR_chg20_USTECm_5d": {
        "corr": 0.13500936284577517,
        "p_value": 1.1745085889251757e-07,
        "t_stat": 5.322745839194165,
        "n": 1528
      },
      "GSR_chg20_USTECm_20d": {
        "corr": 0.16645478435811573,
        "p_value": 7.279145754543967e-11,
        "t_stat": 6.561905605619856,
        "n": 1513
      },
      "GSR_chg20_US500m_5d": {
        "corr": 0.10879758723811239,
        "p_value": 2.0257369342804278e-05,
        "t_stat": 4.275453802868928,
        "n": 1528
      },
      "GSR_chg20_US500m_20d": {
        "corr": 0.1678159917564917,
        "p_value": 5.071193491448089e-11,
        "t_stat": 6.6171150251814606,
        "n": 1513
      },
      "GSR_chg20_US30m_5d": {
        "corr": 0.0640111253776852,
        "p_value": 0.012325308802061325,
        "t_stat": 2.5056724709226152,
        "n": 1528
      },
      "GSR_chg20_US30m_20d": {
        "corr": 0.10403414822792881,
        "p_value": 5.0282815772097874e-05,
        "t_stat": 4.066035498027016,
        "n": 1513
      },
      "GSR_zscore_USTECm_5d": {
        "corr": 0.09450844488278445,
        "p_value": 0.00021494347387147794,
        "t_stat": 3.7096964543243205,
        "n": 1529
      },
      "GSR_zscore_USTECm_20d": {
        "corr": 0.12533617676740078,
        "p_value": 9.97533371614993e-07,
        "t_stat": 4.912364860992627,
        "n": 1514
      },
      "GSR_zscore_US500m_20d": {
        "corr": 0.08388100238245588,
        "p_value": 0.0010873763887218595,
        "t_stat": 3.273201642722028,
        "n": 1514
      },
      "GSR_zscore_UKOILm_5d": {
        "corr": -0.06845844804857053,
        "p_value": 0.007409764780159299,
        "t_stat": -2.6814310467798914,
        "n": 1529
      }
    }
  },
  "strategy": {
    "XAUUSDm": {
      "total_strategy": -7.6458798749092,
      "total_benchmark": 162.39810420081713,
      "ann_strategy": -1.2560376326447968,
      "ann_benchmark": 26.678176179012986,
      "vol_strategy": 13.766159160478049,