{
  "v1_base": {
    "variant": "v1_base",
    "name": "基础信号",
    "count": 22457,
    "avg_ret_5d": 0.007813,
    "avg_ret_10d": 0.006874,
    "avg_ret_20d": 0.014242,
    "median_ret_20d": -0.003372,
    "win_rate_20d": 0.479202,
    "excess_20d": 0.009843,
    "annualized_excess": 0.124023,
    "skew_20d": 4.03465,
    "stop_rate": 0.516899,
    "avg_ret_stop": -0.035768,
    "bull_avg_20d": 0.019449,
    "bull_wr_20d": 0.501164,
    "bull_excess": 0.011096,
    "bear_avg_20d": 0.001718,
    "bear_wr_20d": 0.415321,
    "bear_excess": 0.00683,
    "pit_avg_20d": 0.014242
  },
  "v2_washout": {
    "variant": "v2_washout",
    "name": "+ 洗盘过滤",
    "count": 351,
    "avg_ret_5d": 0.006779,
    "avg_ret_10d": 0.004867,
    "avg_ret_20d": 0.005216,
    "median_ret_20d": -0.015538,
    "win_rate_20d": 0.436782,
    "excess_20d": 0.007478,
    "annualized_excess": 0.094228,
    "skew_20d": 2.471618,
    "stop_rate": 0.564103,
    "avg_ret_stop": -0.035035,
    "bull_avg_20d": 0.008803,
    "bull_wr_20d": 0.484375,
    "bull_excess": 0.007972,
    "bear_avg_20d": 0.000801,
    "bear_wr_20d": 0.371069,
    "bear_excess": 0.00687,
    "pit_avg_20d": 0.005216
  },
  "v3_no_washout": {
    "variant": "v3_no_washout",
    "name": "无洗盘纯突破",
    "count": 22106,
    "avg_ret_5d": 0.00783,
    "avg_ret_10d": 0.006906,
    "avg_ret_20d": 0.014385,
    "median_ret_20d": -0.003217,
    "win_rate_20d": 0.479874,
    "excess_20d": 0.009881,
    "annualized_excess": 0.124495,
    "skew_20d": 4.063885,
    "stop_rate": 0.516149,
    "avg_ret_stop": -0.035779,
    "bull_avg_20d": 0.01958,
    "bull_wr_20d": 0.50137,
    "bull_excess": 0.011135,
    "bear_avg_20d": 0.001741,
    "bear_wr_20d": 0.41642,
    "bear_excess": 0.006829,
    "pit_avg_20d": 0.014385
  },
  "v4_deep_pit": {
    "variant": "v4_deep_pit",
    "name": "深度洗盘(>6%)",
    "count": 39,
    "avg_ret_5d": 0.012021,
    "avg_ret_10d": 0.015177,
    "avg_ret_20d": 0.007214,
    "median_ret_20d": -0.00783,
    "win_rate_20d": 0.410256,
    "excess_20d": 0.011117,
    "annualized_excess": 0.140068,
    "skew_20d": 0.855789,
    "stop_rate": 0.589744,
    "avg_ret_stop": -0.03723,
    "bull_avg_20d": 0.01661,
    "bull_wr_20d": 0.5,
    "bull_excess": 0.019971,
    "bear_avg_20d": -0.002676,
    "bear_wr_20d": 0.315789,
    "bear_excess": 0.001796,
    "pit_avg_20d": 0.007214
  },
  "v5_bull_only": {
    "variant": "v5_bull_only",
    "name": "仅牛市",
    "count": 15891,
    "avg_ret_5d": 0.011796,
    "avg_ret_10d": 0.009907,
    "avg_ret_20d": 0.019449,
    "median_ret_20d": 0.001686,
    "win_rate_20d": 0.505394,
    "excess_20d": 0.011096,
    "annualized_excess": 0.13981,
    "skew_20d": 3.754963,
    "stop_rate": 0.531181,
    "avg_ret_stop": -0.035562,
    "bull_avg_20d": 0.019449,
    "bull_wr_20d": 0.501164,
    "bull_excess": 0.011096,
    "pit_avg_20d": 0.019449
  },
  "v6_bear_only": {
    "variant": "v6_bear_only",
    "name": "仅熊市",
    "count": 6566,
    "avg_ret_5d": -0.001806,
    "avg_ret_10d": -0.00043,
    "avg_ret_20d": 0.001718,
    "median_ret_20d": -0.013581,
    "win_rate_20d": 0.416209,
    "excess_20d": 0.00683,
    "annualized_excess": 0.086052,
    "skew_20d": 4.748224,
    "stop_rate": 0.482333,
    "avg_ret_stop": -0.036266,
    "bear_avg_20d": 0.001718,
    "bear_wr_20d": 0.415321,
    "bear_excess": 0.00683,
    "pit_avg_20d": 0.001718
  },
  "v7_gp_bull": {
    "variant": "v7_gp_bull",
    "name": "洗盘 + 牛市",
    "count": 192,
    "avg_ret_5d": 0.013917,
    "avg_ret_10d": 0.012107,
    "avg_ret_20d": 0.008803,
    "median_ret_20d": -0.003466,
    "win_rate_20d": 0.484375,
    "excess_20d": 0.007972,
    "annualized_excess": 0.100452,
    "skew_20d": 1.644035,
    "stop_rate": 0.536458,
    "avg_ret_stop": -0.032592,
    "bull_avg_20d": 0.008803,
    "bull_wr_20d": 0.484375,
    "bull_excess": 0.007972,
    "pit_avg_20d": 0.008803
  },
  "v8_nw_bull": {
    "variant": "v8_nw_bull",
    "name": "无洗盘 + 牛市",
    "count": 15699,
    "avg_ret_5d": 0.01177,
    "avg_ret_10d": 0.00988,
    "avg_ret_20d": 0.01958,
    "median_ret_20d": 0.001724,
    "win_rate_20d": 0.505653,
    "excess_20d": 0.011135,
    "annualized_excess": 0.140296,
    "skew_20d": 3.785858,
    "stop_rate": 0.531117,
    "avg_ret_stop": -0.035598,
    "bull_avg_20d": 0.01958,
    "bull_wr_20d": 0.50137,
    "bull_excess": 0.011135,
    "pit_avg_20d": 0.01958
  },
  "hypothesis_tests": {
    "washout_vs_nowashout": {
      "wash_count": 348,
      "wash_avg": 0.005216,
      "wash_wr": 0.4368,
      "nowash_count": 21962,
      "nowash_avg": 0.014385,
      "nowash_wr": 0.4799,
      "p_value": 0.158374
    },
    "stop_loss": {
      "no_stop_mean": 0.014242,
      "no_stop_p5": -0.117259,
      "no_stop_min": -0.504274,
      "stop_mean": -0.035768,
      "stop_p5": -0.088605,
      "stop_min": -0.481118
    }
  }
}